{"cameraMode":{"drawMode":0,"name":"Shaded","section":"Shading Mode"},"sceneLighting":true,"audioPlay":false,"sceneViewState":{"m_AlwaysRefresh":false,"showFog":true,"showSkybox":true,"showFlares":true,"showImageEffects":true,"showParticleSystems":true,"showVisualEffectGraphs":true,"m_FxEnabled":true},"in2DMode":false,"pivot":{"x":4.126856327056885,"y":28.762163162231447,"z":-49.945648193359378},"rotation":{"x":-0.24382412433624268,"y":-0.0032460603397339584,"z":0.0008149032364599407,"w":-0.9698070287704468},"size":0.7742927074432373,"orthographic":false}