{"cameraMode":{"drawMode":0,"name":"Shaded","section":"Shading Mode"},"sceneLighting":true,"audioPlay":false,"sceneViewState":{"m_AlwaysRefresh":false,"showFog":true,"showSkybox":true,"showFlares":true,"showImageEffects":true,"showParticleSystems":true,"showVisualEffectGraphs":true,"m_FxEnabled":true},"in2DMode":false,"pivot":{"x":-16.333311080932618,"y":7.388091087341309,"z":1.1249668598175049},"rotation":{"x":0.19012874364852906,"y":-0.4640197455883026,"z":0.1026979386806488,"w":0.8590651750564575},"size":0.7742927074432373,"orthographic":false}